q,K,path,digit,G,G2,n0,n1,n2,n3,n4,n5,n6,n7,n8,n9,n10,m0,m1,m2,m3,m4,m5,m6,m7,m8,m9,m10
26,0,,1,629,900,0,44,31,22,14,10,7,5,2,2,1,47,48,32,22,14,10,7,4,3,2,1
26,0,,2,629,834,0,44,31,22,14,10,7,5,2,2,1,48,46,31,22,16,10,6,4,3,2,2
26,1,1,0,900,978,47,48,32,22,14,10,7,4,3,2,1,0,66,50,32,22,16,11,7,5,2,2
26,1,1,2,900,1017,47,48,32,22,14,10,7,4,3,2,1,0,68,47,34,22,15,9,7,5,4,3
26,1,2,0,834,838,48,46,31,22,16,10,6,4,3,2,2,0,64,50,34,23,15,8,6,4,3,3
26,1,2,1,834,890,48,46,31,22,16,10,6,4,3,2,2,0,64,48,30,22,16,10,8,5,2,1
26,1,2,2,834,893,48,46,31,22,16,10,6,4,3,2,2,0,64,46,34,22,14,11,5,4,4,2
26,2,10,0,978,1291,0,66,50,32,22,16,11,7,5,2,2,72,76,55,34,23,14,10,8,4,3,2
26,2,10,1,978,1302,0,66,50,32,22,16,11,7,5,2,2,70,72,45,35,26,18,12,5,3,3,3
26,2,10,2,978,1322,0,66,50,32,22,16,11,7,5,2,2,76,70,52,33,21,16,10,8,7,3,2
26,2,12,0,1017,1357,0,68,47,34,22,15,9,7,5,4,3,79,72,53,35,20,16,12,9,6,3,2
26,2,12,1,1017,1417,0,68,47,34,22,15,9,7,5,4,3,68,79,49,33,23,15,10,8,6,5,3
26,2,12,2,1017,1409,0,68,47,34,22,15,9,7,5,4,3,72,68,49,36,27,17,11,7,5,4,3
26,2,20,0,838,1051,0,64,50,34,23,15,8,6,4,3,3,74,66,48,33,21,14,8,6,4,3,1
26,2,20,1,838,1025,0,64,50,34,23,15,8,6,4,3,3,71,74,51,31,19,13,9,6,3,2,1
26,2,20,2,838,1078,0,64,50,34,23,15,8,6,4,3,3,66,71,48,33,23,13,8,5,4,2,2
26,2,21,0,890,1141,0,64,48,30,22,16,10,8,5,2,1,68,73,45,32,23,15,10,7,4,2,2
26,2,21,1,890,1126,0,64,48,30,22,16,10,8,5,2,1,68,68,47,32,22,16,10,6,3,3,1
26,2,21,2,890,1151,0,64,48,30,22,16,10,8,5,2,1,73,68,53,33,22,14,9,6,4,1,1
26,2,22,0,893,1122,0,64,46,34,22,14,11,5,4,4,2,66,70,46,33,22,15,11,5,4,3,2
26,2,22,1,893,1184,0,64,46,34,22,14,11,5,4,4,2,73,66,49,32,21,15,10,7,5,3,1
26,2,22,2,893,1122,0,64,46,34,22,14,11,5,4,4,2,70,73,50,34,22,13,8,6,4,3,2
26,3,100,0,1291,1715,72,76,55,34,23,14,10,8,4,3,2,0,105,79,52,33,19,12,10,9,4,3
26,3,100,1,1291,1813,72,76,55,34,23,14,10,8,4,3,2,0,96,75,55,38,23,16,10,6,5,3
26,3,100,2,1291,1765,72,76,55,34,23,14,10,8,4,3,2,0,103,78,49,30,25,16,10,5,3,2
26,3,101,0,1302,1716,70,72,45,35,26,18,12,5,3,3,3,0,101,76,49,33,22,18,12,5,4,2
26,3,101,1,1302,1762,70,72,45,35,26,18,12,5,3,3,3,0,98,72,49,39,27,15,10,5,3,3
26,3,101,2,1302,1758,70,72,45,35,26,18,12,5,3,3,3,0,96,77,55,36,24,14,7,7,5,4
26,3,102,0,1322,1840,76,70,52,33,21,16,10,8,7,3,2,0,100,75,50,33,23,15,10,9,7,3
26,3,102,1,1322,1787,76,70,52,33,21,16,10,8,7,3,2,0,101,76,51,35,22,17,11,7,5,2
26,3,102,2,1322,1813,76,70,52,33,21,16,10,8,7,3,2,0,100,74,54,35,25,17,12,7,3,3
26,3,120,0,1357,1845,79,72,53,35,20,16,12,9,6,3,2,0,104,80,55,35,22,17,11,6,5,4
26,3,120,1,1357,1843,79,72,53,35,20,16,12,9,6,3,2,0,103,75,52,35,25,18,12,8,4,2
26,3,120,2,1357,1861,79,72,53,35,20,16,12,9,6,3,2,0,103,76,52,36,24,16,12,9,5,2
26,3,121,0,1417,2071,68,79,49,33,23,15,10,8,6,5,3,0,102,76,52,33,27,18,11,8,5,5
26,3,121,1,1417,2009,68,79,49,33,23,15,10,8,6,5,3,0,103,79,48,35,22,16,13,10,7,3
26,3,122,0,1409,1974,72,68,49,36,27,17,11,7,5,4,3,0,100,76,58,41,26,16,10,9,5,4
26,3,122,1,1409,2021,72,68,49,36,27,17,11,7,5,4,3,0,97,78,54,36,26,18,13,8,7,3
26,3,122,2,1409,1965,72,68,49,36,27,17,11,7,5,4,3,0,106,77,51,37,26,17,11,6,4,4
26,3,200,0,1051,1349,74,66,48,33,21,14,8,6,4,3,1,0,92,73,43,30,20,11,7,4,3,2
26,3,200,1,1051,1373,74,66,48,33,21,14,8,6,4,3,1,0,97,67,51,31,17,11,8,5,2,1
26,3,200,2,1051,1341,74,66,48,33,21,14,8,6,4,3,1,0,89,64,44,29,20,14,7,5,3,1
26,3,201,0,1025,1270,71,74,51,31,19,13,9,6,3,2,1,0,89,71,46,28,18,12,6,3,2,1
26,3,201,1,1025,1277,71,74,51,31,19,13,9,6,3,2,1,0,97,70,43,26,19,11,7,5,2,1
26,3,201,2,1025,1304,71,74,51,31,19,13,9,6,3,2,1,0,94,68,46,30,16,11,8,4,2,1
26,3,202,0,1078,1393,66,71,48,33,23,13,8,5,4,2,2,0,95,66,48,29,19,12,8,5,2,2
26,3,202,1,1078,1415,66,71,48,33,23,13,8,5,4,2,2,0,87,72,45,31,18,10,7,5,4,2
26,3,202,2,1078,1424,66,71,48,33,23,13,8,5,4,2,2,0,94,72,46,31,21,13,7,4,3,1
26,3,210,0,1141,1554,68,73,45,32,23,15,10,7,4,2,2,0,88,68,48,33,24,14,9,6,3,1
26,3,210,1,1141,1476,68,73,45,32,23,15,10,7,4,2,2,0,95,78,46,29,18,13,10,5,3,2
26,3,210,2,1141,1489,68,73,45,32,23,15,10,7,4,2,2,0,99,68,47,34,22,14,7,5,3,2
26,3,211,0,1126,1492,68,68,47,32,22,16,10,6,3,3,1,0,88,69,49,35,22,12,7,5,3,2
26,3,211,1,1126,1587,68,68,47,32,22,16,10,6,3,3,1,0,95,71,49,28,21,15,9,6,3,2
26,3,211,2,1126,1469,68,68,47,32,22,16,10,6,3,3,1,0,95,70,44,32,20,14,9,4,3,2
26,3,212,0,1151,1528,73,68,53,33,22,14,9,6,4,1,1,0,100,73,45,30,20,12,8,5,3,2
26,3,212,1,1151,1578,73,68,53,33,22,14,9,6,4,1,1,0,93,72,55,33,19,12,7,5,3,1
26,3,212,2,1151,1565,73,68,53,33,22,14,9,6,4,1,1,0,94,69,46,30,21,14,9,5,3,2
26,3,220,0,1122,1550,66,70,46,33,22,15,11,5,4,3,2,0,92,70,50,34,22,14,9,5,5,2
26,3,220,1,1122,1471,66,70,46,33,22,15,11,5,4,3,2,0,92,71,45,29,22,14,8,3,2,2
26,3,220,2,1122,1513,66,70,46,33,22,15,11,5,4,3,2,0,94,71,47,33,19,13,9,7,3,2
26,3,221,0,1184,1551,73,66,49,32,21,15,10,7,5,3,1,0,93,70,48,32,21,14,11,6,2,1
26,3,221,1,1184,1609,73,66,49,32,21,15,10,7,5,3,1,0,96,70,49,35,21,12,7,6,5,4
26,3,221,2,1184,1585,73,66,49,32,21,15,10,7,5,3,1,0,95,71,48,29,22,17,10,6,4,1
26,3,222,0,1122,1443,70,73,50,34,22,13,8,6,4,3,2,0,96,71,47,30,18,13,8,6,4,2
26,3,222,1,1122,1545,70,73,50,34,22,13,8,6,4,3,2,0,92,73,49,32,22,14,9,4,2,2
26,3,222,2,1122,1454,70,73,50,34,22,13,8,6,4,3,2,0,98,72,47,31,19,10,7,6,4,2
26,4,1000,0,1715,1724,0,105,79,52,33,19,12,10,9,4,3,0,105,112,77,46,30,20,14,10,5,2
26,4,1000,1,1715,1867,0,105,79,52,33,19,12,10,9,4,3,0,112,112,76,46,30,20,15,10,7,4
26,4,1000,2,1715,1877,0,105,79,52,33,19,12,10,9,4,3,0,112,105,71,53,33,20,12,9,7,4
26,4,1001,0,1813,1884,0,96,75,55,38,23,16,10,6,5,3,0,112,108,76,55,31,21,16,9,6,3
26,4,1001,1,1813,1867,0,96,75,55,38,23,16,10,6,5,3,0,108,110,78,58,40,22,12,7,5,4
26,4,1001,2,1813,1898,0,96,75,55,38,23,16,10,6,5,3,0,110,112,80,46,33,23,15,11,6,4
26,4,1002,0,1765,1850,0,103,78,49,30,25,16,10,5,3,2,0,103,111,70,51,35,21,13,9,5,4
26,4,1002,1,1765,1892,0,103,78,49,30,25,16,10,5,3,2,0,111,112,81,47,27,20,14,9,6,3
26,4,1002,2,1765,1861,0,103,78,49,30,25,16,10,5,3,2,0,112,103,72,47,34,25,14,7,4,3
26,4,1010,0,1716,1776,0,101,76,49,33,22,18,12,5,4,2,0,100,113,66,52,34,21,13,7,4,4
26,4,1010,1,1716,1929,0,101,76,49,33,22,18,12,5,4,2,0,113,113,86,50,33,23,14,11,6,4
26,4,1010,2,1716,1822,0,101,76,49,33,22,18,12,5,4,2,0,113,100,73,47,33,23,18,9,5,2
26,4,1011,0,1762,1834,0,98,72,49,39,27,15,10,5,3,3,0,116,103,73,47,34,23,14,8,5,3
26,4,1011,1,1762,1883,0,98,72,49,39,27,15,10,5,3,3,0,103,106,74,56,34,20,14,10,5,3
26,4,1011,2,1762,1882,0,98,72,49,39,27,15,10,5,3,3,0,106,116,80,52,38,24,12,7,5,4
26,4,1012,0,1758,1790,0,96,77,55,36,24,14,7,7,5,4,0,110,108,76,52,33,23,12,6,6,4
26,4,1012,1,1758,1801,0,96,77,55,36,24,14,7,7,5,4,0,108,109,75,51,36,22,12,9,4,3
26,4,1012,2,1758,1812,0,96,77,55,36,24,14,7,7,5,4,0,109,110,80,51,30,18,15,10,8,4
26,4,1020,0,1840,1946,0,100,75,50,33,23,15,10,9,7,3,0,108,109,74,51,35,21,13,10,8,6
26,4,1020,1,1840,1956,0,100,75,50,33,23,15,10,9,7,3,0,109,111,77,49,34,26,14,12,8,3
26,4,1020,2,1840,1960,0,100,75,50,33,23,15,10,9,7,3,0,111,108,77,53,34,23,20,10,6,4
26,4,1021,0,1787,1890,0,101,76,51,35,22,17,11,7,5,2,0,112,114,77,49,36,24,15,8,5,2
26,4,1021,1,1787,1847,0,101,76,51,35,22,17,11,7,5,2,0,114,104,76,49,32,20,17,12,5,3
26,4,1021,2,1787,1890,0,101,76,51,35,22,17,11,7,5,2,0,104,112,76,55,34,23,13,8,7,5
26,4,1022,0,1813,1874,0,100,74,54,35,25,17,12,7,3,3,0,110,111,74,53,32,24,17,9,5,2
26,4,1022,1,1813,1886,0,100,74,54,35,25,17,12,7,3,3,0,111,112,79,56,37,25,15,8,3,3
26,4,1022,2,1813,1891,0,100,74,54,35,25,17,12,7,3,3,0,112,110,80,50,36,21,13,11,8,4
26,4,1200,0,1845,1951,0,104,80,55,35,22,17,11,6,5,4,0,117,111,79,54,35,21,15,12,7,5
26,4,1200,1,1845,1880,0,104,80,55,35,22,17,11,6,5,4,0,111,114,79,51,34,23,15,8,7,3
26,4,1200,2,1845,1940,0,104,80,55,35,22,17,11,6,5,4,0,114,117,80,53,34,24,16,9,4,4
26,4,1201,0,1843,1941,0,103,75,52,35,25,18,12,8,4,2,0,115,112,83,56,36,23,15,10,6,3
26,4,1201,1,1843,1914,0,103,75,52,35,25,18,12,8,4,2,0,112,110,73,51,37,24,15,10,7,3
26,4,1201,2,1843,1882,0,103,75,52,35,25,18,12,8,4,2,0,110,115,78,52,34,25,17,9,4,3
26,4,1202,0,1861,1993,0,103,76,52,36,24,16,12,9,5,2,0,109,115,81,55,37,23,16,9,5,3
26,4,1202,1,1861,1894,0,103,76,52,36,24,16,12,9,5,2,0,115,114,77,50,33,23,15,11,7,4
26,4,1202,2,1861,1959,0,103,76,52,36,24,16,12,9,5,2,0,114,109,77,54,37,25,16,11,7,3
26,4,1210,0,2071,2280,0,102,76,52,33,27,18,11,8,5,5,0,117,116,84,56,37,27,19,11,6,5
26,4,1210,1,2071,2239,0,102,76,52,33,27,18,11,8,5,5,0,116,111,81,55,39,25,16,14,10,6
26,4,1210,2,2071,2304,0,102,76,52,33,27,18,11,8,5,5,0,111,117,77,55,38,29,19,11,9,6
26,4,1211,0,2009,2200,0,103,79,48,35,22,16,13,10,7,3,0,112,115,79,57,39,27,20,12,8,4
26,4,1211,1,2009,2240,0,103,79,48,35,22,16,13,10,7,3,0,115,114,81,52,38,23,16,12,8,6
26,4,1211,2,2009,2227,0,103,79,48,35,22,16,13,10,7,3,0,114,112,78,50,34,26,18,14,9,5
26,4,1220,0,1974,2101,0,100,76,58,41,26,16,10,9,5,4,0,121,122,88,59,35,23,14,9,8,6
26,4,1220,1,1974,2055,0,100,76,58,41,26,16,10,9,5,4,0,122,106,82,57,39,27,16,12,7,3
26,4,1220,2,1974,2144,0,100,76,58,41,26,16,10,9,5,4,0,106,121,79,57,41,24,18,11,7,4
26,4,1221,0,2021,2203,0,97,78,54,36,26,18,13,8,7,3,0,112,116,82,55,37,26,19,13,8,4
26,4,1221,1,2021,2137,0,97,78,54,36,26,18,13,8,7,3,0,116,116,84,60,35,24,18,11,7,4
26,4,1221,2,2021,2236,0,97,78,54,36,26,18,13,8,7,3,0,116,112,81,54,43,29,16,11,7,6
26,4,1222,0,1965,2106,0,106,77,51,37,26,17,11,6,4,4,0,111,113,75,53,39,27,16,8,6,5
26,4,1222,1,1965,2097,0,106,77,51,37,26,17,11,6,4,4,0,113,121,84,57,37,23,15,12,5,4
26,4,1222,2,1965,2133,0,106,77,51,37,26,17,11,6,4,4,0,121,111,80,52,35,24,17,11,9,5
26,4,2000,0,1349,1356,0,92,73,43,30,20,11,7,4,3,2,0,99,94,63,38,28,17,10,5,3,2
26,4,2000,1,1349,1279,0,92,73,43,30,20,11,7,4,3,2,0,94,92,66,43,24,13,8,6,3,1
26,4,2000,2,1349,1304,0,92,73,43,30,20,11,7,4,3,2,0,92,99,64,39,25,17,9,5,3,2
26,4,2001,0,1373,1294,0,97,67,51,31,17,11,8,5,2,1,0,96,93,62,44,27,16,9,4,3,2
26,4,2001,1,1373,1344,0,97,67,51,31,17,11,8,5,2,1,0,93,102,66,41,27,16,9,6,2,1
26,4,2001,2,1373,1321,0,97,67,51,31,17,11,8,5,2,1,0,102,96,66,42,22,13,10,7,4,1
26,4,2002,0,1341,1320,0,89,64,44,29,20,14,7,5,3,1,0,98,91,68,44,23,16,9,6,4,1
26,4,2002,1,1341,1319,0,89,64,44,29,20,14,7,5,3,1,0,91,87,60,40,30,19,12,5,2,1
26,4,2002,2,1341,1300,0,89,64,44,29,20,14,7,5,3,1,0,87,98,59,39,26,15,9,5,3,2
26,4,2010,0,1270,1243,0,89,71,46,28,18,12,6,3,2,1,0,90,98,65,39,23,13,11,6,2,1
26,4,2010,1,1270,1255,0,89,71,46,28,18,12,6,3,2,1,0,98,89,67,40,21,13,8,3,3,2
26,4,2010,2,1270,1191,0,89,71,46,28,18,12,6,3,2,1,0,89,90,56,38,27,17,6,4,2,1
26,4,2011,0,1277,1225,0,97,70,43,26,19,11,7,5,2,1,0,92,91,56,41,25,16,9,4,3,2
26,4,2011,1,1277,1237,0,97,70,43,26,19,11,7,5,2,1,0,91,98,67,39,26,15,7,4,2,1
26,4,2011,2,1277,1192,0,97,70,43,26,19,11,7,5,2,1,0,98,92,61,34,20,14,10,7,3,0
26,4,2012,0,1304,1217,0,94,68,46,30,16,11,8,4,2,1,0,97,92,61,38,26,14,7,6,3,1
26,4,2012,1,1304,1223,0,94,68,46,30,16,11,8,4,2,1,0,92,91,61,38,22,14,11,6,3,1
26,4,2012,2,1304,1199,0,94,68,46,30,16,11,8,4,2,1,0,91,97,64,42,24,14,8,3,1,1
26,4,2020,0,1393,1347,0,95,66,48,29,19,12,8,5,2,2,0,97,91,60,42,26,18,11,6,3,2
26,4,2020,1,1393,1428,0,95,66,48,29,19,12,8,5,2,2,0,91,99,66,44,27,14,10,6,3,2
26,4,2020,2,1393,1348,0,95,66,48,29,19,12,8,5,2,2,0,99,97,66,40,25,17,9,6,4,1
26,4,2021,0,1415,1369,0,87,72,45,31,18,10,7,5,4,2,0,95,97,66,38,26,17,10,7,3,2
26,4,2021,1,1415,1376,0,87,72,45,31,18,10,7,5,4,2,0,97,90,64,43,26,14,10,7,5,3
26,4,2021,2,1415,1416,0,87,72,45,31,18,10,7,5,4,2,0,90,95,65,42,26,16,9,5,4,2
26,4,2022,0,1424,1450,0,94,72,46,31,21,13,7,4,3,1,0,103,95,70,45,28,17,10,5,3,1
26,4,2022,1,1424,1389,0,94,72,46,31,21,13,7,4,3,1,0,95,96,64,41,29,17,9,5,3,3
26,4,2022,2,1424,1433,0,94,72,46,31,21,13,7,4,3,1,0,96,103,66,42,25,17,11,7,4,2
26,4,2100,0,1554,1515,0,88,68,48,33,24,14,9,6,3,1,0,97,100,72,47,31,20,11,7,4,2
26,4,2100,1,1554,1525,0,88,68,48,33,24,14,9,6,3,1,0,100,99,67,42,30,21,13,8,4,1
26,4,2100,2,1554,1604,0,88,68,48,33,24,14,9,6,3,1,0,99,97,69,51,31,18,11,6,4,3
26,4,2101,0,1476,1494,0,95,78,46,29,18,13,10,5,3,2,0,99,105,70,43,24,16,13,9,4,2
26,4,2101,1,1476,1428,0,95,78,46,29,18,13,10,5,3,2,0,105,96,70,43,29,18,10,5,4,2
26,4,2101,2,1476,1458,0,95,78,46,29,18,13,10,5,3,2,0,96,99,65,41,28,18,11,7,3,2
26,4,2102,0,1489,1432,0,99,68,47,34,22,14,7,5,3,2,0,98,96,63,44,32,19,11,6,2,2
26,4,2102,1,1489,1418,0,99,68,47,34,22,14,7,5,3,2,0,96,108,69,47,27,14,10,7,5,2
26,4,2102,2,1489,1530,0,99,68,47,34,22,14,7,5,3,2,0,108,98,71,44,29,21,11,5,4,2
26,4,2110,0,1492,1538,0,88,69,49,35,22,12,7,5,3,2,0,100,97,72,45,28,16,10,8,5,1
26,4,2110,1,1492,1452,0,88,69,49,35,22,12,7,5,3,2,0,97,97,65,45,29,20,11,5,3,3
26,4,2110,2,1492,1558,0,88,69,49,35,22,12,7,5,3,2,0,97,100,69,47,31,17,10,6,4,3
26,4,2111,0,1587,1631,0,95,71,49,28,21,15,9,6,3,2,0,97,104,67,44,28,19,12,8,4,3
26,4,2111,1,1587,1648,0,95,71,49,28,21,15,9,6,3,2,0,104,101,71,46,27,19,13,8,6,3
26,4,2111,2,1587,1639,0,95,71,49,28,21,15,9,6,3,2,0,101,97,69,46,32,21,13,7,4,2
26,4,2112,0,1469,1448,0,95,70,44,32,20,14,9,4,3,2,0,96,99,61,41,28,19,14,6,3,2
26,4,2112,1,1469,1438,0,95,70,44,32,20,14,9,4,3,2,0,99,99,68,46,28,15,9,7,4,2
26,4,2112,2,1469,1451,0,95,70,44,32,20,14,9,4,3,2,0,99,96,70,42,29,19,10,6,3,2
26,4,2120,0,1528,1521,0,100,73,45,30,20,12,8,5,3,2,0,100,103,72,41,27,17,9,7,4,3
26,4,2120,1,1528,1566,0,100,73,45,30,20,12,8,5,3,2,0,103,98,62,39,27,20,12,8,5,3
26,4,2120,2,1528,1541,0,100,73,45,30,20,12,8,5,3,2,0,98,100,67,48,29,16,12,6,4,2
26,4,2121,0,1578,1658,0,93,72,55,33,19,12,7,5,3,1,0,101,102,73,47,27,16,11,7,5,3
26,4,2121,1,1578,1640,0,93,72,55,33,19,12,7,5,3,1,0,102,101,66,46,28,19,10,6,5,2
26,4,2121,2,1578,1609,0,93,72,55,33,19,12,7,5,3,1,0,101,101,72,46,29,16,11,7,3,3
26,4,2122,0,1565,1585,0,94,69,46,30,21,14,9,5,3,2,0,90,104,64,44,30,20,13,7,4,3
26,4,2122,1,1565,1561,0,94,69,46,30,21,14,9,5,3,2,0,104,102,73,43,26,17,12,7,4,3
26,4,2122,2,1565,1638,0,94,69,46,30,21,14,9,5,3,2,0,102,90,65,46,31,20,11,8,5,2
26,4,2200,0,1550,1513,0,92,70,50,34,22,14,9,5,5,2,0,98,101,69,51,31,18,10,6,4,2
26,4,2200,1,1550,1530,0,92,70,50,34,22,14,9,5,5,2,0,101,104,74,47,31,19,12,7,4,2
26,4,2200,2,1550,1541,0,92,70,50,34,22,14,9,5,5,2,0,104,98,68,43,29,20,13,8,4,3
26,4,2201,0,1471,1478,0,92,71,45,29,22,14,8,3,2,2,0,97,97,65,43,28,15,9,6,4,2
26,4,2201,1,1471,1501,0,92,71,45,29,22,14,8,3,2,2,0,97,97,69,43,26,19,11,6,2,2
26,4,2201,2,1471,1490,0,92,71,45,29,22,14,8,3,2,2,0,97,97,65,42,29,20,12,6,4,3
26,4,2202,0,1513,1450,0,94,71,47,33,19,13,9,7,3,2,0,101,98,67,45,31,17,9,7,5,2
26,4,2202,1,1513,1565,0,94,71,47,33,19,13,9,7,3,2,0,98,100,67,44,28,20,13,9,4,1
26,4,2202,2,1513,1454,0,94,71,47,33,19,13,9,7,3,2,0,100,101,71,45,28,17,13,6,4,3
26,4,2210,0,1551,1583,0,93,70,48,32,21,14,11,6,2,1,0,98,97,65,45,31,18,11,7,4,2
26,4,2210,1,1551,1639,0,93,70,48,32,21,14,11,6,2,1,0,97,106,71,46,27,20,12,9,5,2
26,4,2210,2,1551,1629,0,93,70,48,32,21,14,11,6,2,1,0,106,98,72,47,32,20,14,7,3,2
26,4,2211,0,1609,1618,0,96,70,49,35,21,12,7,6,5,4,0,109,98,71,44,30,21,12,7,4,3
26,4,2211,1,1609,1665,0,96,70,49,35,21,12,7,6,5,4,0,98,99,66,47,31,18,13,9,6,4
26,4,2211,2,1609,1594,0,96,70,49,35,21,12,7,6,5,4,0,99,109,73,49,30,17,10,7,6,3
26,4,2212,0,1585,1667,0,95,71,48,29,22,17,10,6,4,1,0,99,102,71,46,31,23,14,7,4,2
26,4,2212,1,1585,1565,0,95,71,48,29,22,17,10,6,4,1,0,102,104,68,45,31,21,14,7,3,2
26,4,2212,2,1585,1638,0,95,71,48,29,22,17,10,6,4,1,0,104,99,71,48,29,18,12,9,6,3
26,4,2220,0,1443,1451,0,96,71,47,30,18,13,8,6,4,2,0,96,101,64,42,28,17,12,7,4,2
26,4,2220,1,1443,1382,0,96,71,47,30,18,13,8,6,4,2,0,101,98,67,41,28,16,10,7,4,1
26,4,2220,2,1443,1462,0,96,71,47,30,18,13,8,6,4,2,0,98,96,68,45,25,18,11,6,4,3
26,4,2221,0,1545,1542,0,92,73,49,32,22,14,9,4,2,2,0,99,103,67,44,29,18,12,7,3,2
26,4,2221,1,1545,1588,0,92,73,49,32,22,14,9,4,2,2,0,103,100,72,47,29,18,11,6,4,3
26,4,2221,2,1545,1567,0,92,73,49,32,22,14,9,4,2,2,0,100,99,71,46,30,20,11,7,4,2
26,4,2222,0,1454,1446,0,98,72,47,31,19,10,7,6,4,2,0,101,102,64,41,28,16,11,7,3,2
26,4,2222,1,1454,1470,0,98,72,47,31,19,10,7,6,4,2,0,102,94,69,46,26,14,10,7,5,3
26,4,2222,2,1454,1422,0,98,72,47,31,19,10,7,6,4,2,0,94,101,66,40,26,19,9,6,5,2
26,5,10000,0,1724,2169,0,105,112,77,46,30,20,14,10,5,2,140,145,108,71,39,27,18,12,8,3,1
26,5,10000,1,1724,2170,0,105,112,77,46,30,20,14,10,5,2,145,139,106,71,47,30,18,9,6,4,2
26,5,10000,2,1724,2123,0,105,112,77,46,30,20,14,10,5,2,139,140,105,65,44,27,18,13,6,3,2
26,5,10001,0,1867,2424,0,112,112,76,46,30,20,15,10,7,4,146,146,112,69,45,30,21,14,10,4,2
26,5,10001,1,1867,2398,0,112,112,76,46,30,20,15,10,7,4,146,144,103,69,46,31,21,12,7,5,2
26,5,10001,2,1867,2439,0,112,112,76,46,30,20,15,10,7,4,144,146,109,74,45,29,18,14,8,6,4
26,5,10002,0,1877,2359,0,112,105,71,53,33,20,12,9,7,4,146,142,106,72,48,32,20,13,8,5,3
26,5,10002,1,1877,2427,0,112,105,71,53,33,20,12,9,7,4,142,143,104,70,50,29,20,12,9,5,2
26,5,10002,2,1877,2391,0,112,105,71,53,33,20,12,9,7,4,143,146,109,72,45,29,17,12,8,6,4
26,5,10010,0,1884,2331,0,112,108,76,55,31,21,16,9,6,3,154,142,112,77,46,30,19,10,8,5,3
26,5,10010,1,1884,2398,0,112,108,76,55,31,21,16,9,6,3,142,145,106,74,55,33,18,11,6,4,3
26,5,10010,2,1884,2374,0,112,108,76,55,31,21,16,9,6,3,145,154,111,70,44,27,22,17,8,4,1
26,5,10011,0,1867,2282,0,108,110,78,58,40,22,12,7,5,4,150,148,113,73,47,33,20,11,7,2,2
26,5,10011,1,1867,2300,0,108,110,78,58,40,22,12,7,5,4,148,149,106,78,54,33,19,8,5,5,2
26,5,10011,2,1867,2282,0,108,110,78,58,40,22,12,7,5,4,149,150,120,78,50,27,14,12,7,5,3
26,5,10012,0,1898,2364,0,110,112,80,46,33,23,15,11,6,4,151,149,109,72,50,33,22,13,7,4,2
26,5,10012,1,1898,2366,0,110,112,80,46,33,23,15,11,6,4,149,143,114,74,45,29,20,14,10,5,2
26,5,10012,2,1898,2392,0,110,112,80,46,33,23,15,11,6,4,143,151,110,75,46,33,20,12,7,4,3
26,5,10020,0,1850,2324,0,103,111,70,51,35,21,13,9,5,4,148,136,110,69,47,34,19,11,6,4,3
26,5,10020,1,1850,2411,0,103,111,70,51,35,21,13,9,5,4,136,143,98,70,51,31,20,13,8,5,3
26,5,10020,2,1850,2356,0,103,111,70,51,35,21,13,9,5,4,143,148,116,74,45,27,18,12,9,5,3
26,5,10021,0,1892,2469,0,111,112,81,47,27,20,14,9,6,3,147,144,101,69,46,31,20,12,8,6,4
26,5,10021,1,1892,2539,0,111,112,81,47,27,20,14,9,6,3,144,146,108,72,46,27,19,14,9,5,3
26,5,10021,2,1892,2398,0,111,112,81,47,27,20,14,9,6,3,146,147,117,73,41,28,20,13,8,5,3
26,5,10022,1,1861,2481,0,112,103,72,47,34,25,14,7,4,3,136,151,108,74,45,30,20,12,8,5,3
26,5,10022,2,1861,2372,0,112,103,72,47,34,25,14,7,4,3,151,140,112,68,46,31,18,10,7,4,3
26,5,10100,0,1776,2188,0,100,113,66,52,34,21,13,7,4,4,138,147,107,65,45,28,19,11,5,5,3
26,5,10100,1,1776,2211,0,100,113,66,52,34,21,13,7,4,4,147,133,109,70,44,27,17,12,9,4,3
26,5,10100,2,1776,2234,0,100,113,66,52,34,21,13,7,4,4,133,138,102,70,50,32,17,9,5,3,2
26,5,10101,0,1929,2375,0,113,113,86,50,33,23,14,11,6,4,150,151,118,82,54,30,15,10,8,5,3
26,5,10101,1,1929,2421,0,113,113,86,50,33,23,14,11,6,4,151,155,114,67,44,34,22,16,7,3,2
26,5,10101,2,1929,2376,0,113,113,86,50,33,23,14,11,6,4,155,150,111,81,46,30,24,12,9,5,2
26,5,10102,0,1822,2382,0,113,100,73,47,33,23,18,9,5,2,145,138,101,70,47,34,22,13,8,3,2
26,5,10102,1,1822,2247,0,113,100,73,47,33,23,18,9,5,2,138,145,101,75,50,31,18,10,6,5,3
26,5,10102,2,1822,2450,0,113,100,73,47,33,23,18,9,5,2,145,145,113,70,45,30,22,16,7,4,2
26,5,10110,0,1834,2341,0,116,103,73,47,34,23,14,8,5,3,149,138,107,66,45,30,19,15,9,5,3
26,5,10110,1,1834,2302,0,116,103,73,47,34,23,14,8,5,3,138,144,99,72,46,32,23,11,7,3,2
26,5,10110,2,1834,2263,0,116,103,73,47,34,23,14,8,5,3,144,149,109,74,48,30,16,9,5,5,3
26,5,10111,0,1883,2419,0,103,106,74,56,34,20,14,10,5,3,149,141,112,71,49,34,18,13,7,5,3
26,5,10111,1,1883,2426,0,103,106,74,56,34,20,14,10,5,3,141,140,108,75,49,28,22,13,8,3,3
26,5,10111,2,1883,2396,0,103,106,74,56,34,20,14,10,5,3,140,149,107,75,49,29,17,11,8,5,2
26,5,10112,0,1882,2370,0,106,116,80,52,38,24,12,7,5,4,145,156,113,77,53,33,15,8,7,5,3
26,5,10112,1,1882,2314,0,106,116,80,52,38,24,12,7,5,4,156,147,119,71,46,32,20,11,5,4,4
26,5,10112,2,1882,2386,0,106,116,80,52,38,24,12,7,5,4,147,145,110,78,47,29,21,13,8,4,1
26,5,10120,0,1790,2184,0,110,108,76,52,33,23,12,6,6,4,139,150,105,73,45,26,19,12,7,5,2
26,5,10120,1,1790,2235,0,110,108,76,52,33,23,12,6,6,4,150,144,112,73,48,31,16,8,7,4,2
26,5,10120,2,1790,2233,0,110,108,76,52,33,23,12,6,6,4,144,139,106,69,46,30,19,11,5,4,3
26,5,10121,0,1801,2240,0,108,109,75,51,36,22,12,9,4,3,143,144,110,73,47,28,18,11,8,4,2
26,5,10121,1,1801,2192,0,108,109,75,51,36,22,12,9,4,3,144,146,108,69,47,32,18,10,5,3,3
26,5,10121,2,1801,2260,0,108,109,75,51,36,22,12,9,4,3,146,143,107,74,47,30,18,11,7,4,2
26,5,10122,0,1812,2232,0,109,110,80,51,30,18,15,10,8,4,149,143,111,73,46,32,19,13,8,3,1
26,5,10122,1,1812,2229,0,109,110,80,51,30,18,15,10,8,4,143,144,107,71,47,27,21,12,6,5,2
26,5,10122,2,1812,2230,0,109,110,80,51,30,18,15,10,8,4,144,149,109,73,44,27,16,13,9,5,2
26,5,10200,0,1946,2477,0,108,109,74,51,35,21,13,10,8,6,150,144,108,71,49,34,24,13,8,5,3
26,5,10200,1,1946,2515,0,108,109,74,51,35,21,13,10,8,6,144,145,111,78,50,29,19,13,10,8,4
26,5,10200,2,1946,2505,0,108,109,74,51,35,21,13,10,8,6,145,150,112,73,49,34,19,15,10,5,3
26,5,10201,0,1956,2476,0,109,111,77,49,34,26,14,12,8,3,150,143,116,77,51,35,20,13,8,4,2
26,5,10201,1,1956,2472,0,109,111,77,49,34,26,14,12,8,3,143,153,108,72,49,33,25,15,9,5,1
26,5,10201,2,1956,2451,0,109,111,77,49,34,26,14,12,8,3,153,150,113,77,49,32,21,12,9,5,3
26,5,10202,0,1960,2452,0,111,108,77,53,34,23,20,10,6,4,151,153,110,72,51,35,24,15,5,4,2
26,5,10202,1,1960,2456,0,111,108,77,53,34,23,20,10,6,4,153,145,114,81,51,30,21,15,10,6,2
26,5,10202,2,1960,2472,0,111,108,77,53,34,23,20,10,6,4,145,151,114,77,51,35,21,13,8,3,3
26,5,10210,0,1890,2410,0,112,114,77,49,36,24,15,8,5,2,150,150,112,73,47,33,23,11,5,3,2
26,5,10210,1,1890,2372,0,112,114,77,49,36,24,15,8,5,2,150,147,112,75,48,31,19,11,6,5,2
26,5,10210,2,1890,2445,0,112,114,77,49,36,24,15,8,5,2,147,150,111,73,49,31,17,13,9,4,3
26,5,10211,0,1847,2343,0,114,104,76,49,32,20,17,12,5,3,147,145,111,74,47,28,22,13,7,4,1
26,5,10211,1,1847,2342,0,114,104,76,49,32,20,17,12,5,3,145,143,106,72,48,29,16,13,10,5,3
26,5,10211,2,1847,2282,0,114,104,76,49,32,20,17,12,5,3,143,147,104,71,46,35,22,14,6,2,2
26,5,10212,0,1890,2333,0,104,112,76,55,34,23,13,8,7,5,145,149,113,71,48,30,19,13,8,5,3
26,5,10212,1,1890,2408,0,104,112,76,55,34,23,13,8,7,5,149,146,109,76,46,33,22,14,8,4,2
26,5,10212,2,1890,2365,0,104,112,76,55,34,23,13,8,7,5,146,145,114,77,54,30,18,9,7,6,3
26,5,10220,0,1874,2312,0,110,111,74,53,32,24,17,9,5,2,148,146,110,76,53,33,19,9,5,4,2
26,5,10220,1,1874,2336,0,110,111,74,53,32,24,17,9,5,2,146,147,113,71,47,28,19,15,8,5,2
26,5,10220,2,1874,2340,0,110,111,74,53,32,24,17,9,5,2,147,148,108,73,46,32,23,13,7,2,2
26,5,10221,0,1886,2371,0,111,112,79,56,37,25,15,8,3,3,150,148,113,79,50,33,19,11,5,3,2
26,5,10221,1,1886,2405,0,111,112,79,56,37,25,15,8,3,3,148,155,111,77,53,32,19,12,7,4,2
26,5,10221,2,1886,2285,0,111,112,79,56,37,25,15,8,3,3,155,150,118,74,48,30,20,10,6,3,3
26,5,10222,0,1891,2394,0,112,110,80,50,36,21,13,11,8,4,152,149,111,72,44,30,23,15,10,6,1
26,5,10222,1,1891,2365,0,112,110,80,50,36,21,13,11,8,4,149,146,110,81,51,31,17,10,10,5,2
26,5,10222,2,1891,2312,0,112,110,80,50,36,21,13,11,8,4,146,152,114,72,50,34,19,13,5,3,3
26,5,12000,0,1951,2401,0,117,111,79,54,35,21,15,12,7,5,155,154,116,80,52,32,19,12,9,4,2
26,5,12000,1,1951,2424,0,117,111,79,54,35,21,15,12,7,5,154,149,115,75,50,34,20,14,7,4,3
26,5,12000,2,1951,2475,0,117,111,79,54,35,21,15,12,7,5,149,155,110,75,49,31,23,15,10,6,2
26,5,12001,0,1880,2412,0,111,114,79,51,34,23,15,8,7,3,155,145,120,76,44,31,22,11,8,4,3
26,5,12001,1,1880,2316,0,111,114,79,51,34,23,15,8,7,3,145,149,104,77,53,34,17,11,6,4,2
26,5,12001,2,1880,2411,0,111,114,79,51,34,23,15,8,7,3,149,155,114,71,48,29,21,15,8,6,2
26,5,12002,0,1940,2407,0,114,117,80,53,34,24,16,9,4,4,156,157,119,69,45,31,21,12,7,4,4
26,5,12002,1,1940,2497,0,114,117,80,53,34,24,16,9,4,4,157,147,108,80,51,33,21,14,7,4,3
26,5,12002,2,1940,2478,0,114,117,80,53,34,24,16,9,4,4,147,156,119,80,53,32,20,12,8,5,2
26,5,12010,0,1941,2381,0,115,112,83,56,36,23,15,10,6,3,151,156,109,77,53,37,21,13,6,2,1
26,5,12010,1,1941,2423,0,115,112,83,56,36,23,15,10,6,3,156,155,120,81,50,28,22,12,7,5,2
26,5,12010,2,1941,2414,0,115,112,83,56,36,23,15,10,6,3,155,151,118,77,49,31,17,12,9,5,3
26,5,12011,0,1914,2389,0,112,110,73,51,37,24,15,10,7,3,147,146,110,77,51,31,20,11,9,7,2
26,5,12011,1,1914,2422,0,112,110,73,51,37,24,15,10,7,3,146,152,114,77,51,33,17,12,8,3,3
26,5,12011,2,1914,2356,0,112,110,73,51,37,24,15,10,7,3,152,147,109,69,48,35,25,15,6,3,1
26,5,12012,0,1882,2304,0,110,115,78,52,34,25,17,9,4,3,144,155,112,72,45,31,23,14,6,2,2
26,5,12012,1,1882,2327,0,110,115,78,52,34,25,17,9,4,3,155,151,114,78,50,32,21,11,5,3,2
26,5,12012,2,1882,2298,0,110,115,78,52,34,25,17,9,4,3,151,144,114,75,52,32,17,11,8,5,2
26,5,12020,0,1993,2511,0,109,115,81,55,37,23,16,9,5,3,154,155,118,78,49,31,20,14,8,3,3
26,5,12020,1,1993,2543,0,109,115,81,55,37,23,16,9,5,3,155,149,115,80,51,34,22,12,6,5,2
26,5,12020,2,1993,2507,0,109,115,81,55,37,23,16,9,5,3,149,154,116,76,53,33,19,12,8,5,3
26,5,12021,0,1894,2346,0,115,114,77,50,33,23,15,11,7,4,148,150,112,72,45,32,21,14,8,4,2
26,5,12021,1,1894,2520,0,115,114,77,50,33,23,15,11,7,4,150,154,108,77,50,33,22,13,9,5,2
26,5,12021,2,1894,2478,0,115,114,77,50,33,23,15,11,7,4,154,148,117,74,51,31,20,13,8,5,3
26,5,12022,0,1959,2398,0,114,109,77,54,37,25,16,11,7,3,152,152,112,78,53,33,20,12,8,5,2
26,5,12022,1,1959,2454,0,114,109,77,54,37,25,16,11,7,3,152,152,114,76,52,35,23,14,8,4,2
26,5,12022,2,1959,2513,0,114,109,77,54,37,25,16,11,7,3,152,152,116,79,51,34,22,14,8,4,2
26,5,12100,0,2280,3016,0,117,116,84,56,37,27,19,11,6,5,164,161,121,85,59,40,27,18,10,5,4
26,5,12100,1,2280,3003,0,117,116,84,56,37,27,19,11,6,5,161,162,125,84,57,36,25,15,10,7,4
26,5,12100,2,2280,2952,0,117,116,84,56,37,27,19,11,6,5,162,164,124,85,54,38,25,17,11,8,6
26,5,12101,0,2239,3076,0,116,111,81,55,39,25,16,14,10,6,160,158,120,86,59,39,26,18,13,9,4
26,5,12101,1,2239,3017,0,116,111,81,55,39,25,16,14,10,6,158,161,122,83,57,39,26,17,13,7,5
26,5,12101,2,2239,2916,0,116,111,81,55,39,25,16,14,10,6,161,160,121,83,55,38,25,17,10,6,3
26,5,12102,0,2304,3120,0,111,117,77,55,38,29,19,11,9,6,158,164,120,84,60,41,30,18,11,8,6
26,5,12102,1,2304,3005,0,111,117,77,55,38,29,19,11,9,6,164,158,127,86,59,37,27,18,11,6,4
26,5,12102,2,2304,3039,0,111,117,77,55,38,29,19,11,9,6,158,158,122,82,56,42,25,17,12,9,4
26,5,12110,0,2200,2837,0,112,115,79,57,39,27,20,12,8,4,164,154,126,85,56,37,25,18,11,6,2
26,5,12110,1,2200,2846,0,112,115,79,57,39,27,20,12,8,4,154,160,118,82,59,42,27,15,10,5,3
26,5,12110,2,2200,2808,0,112,115,79,57,39,27,20,12,8,4,160,164,122,84,57,36,24,16,8,6,4
26,5,12111,0,2240,2972,0,115,114,81,52,38,23,16,12,8,6,154,163,114,79,57,38,25,18,11,8,4
26,5,12111,1,2240,2944,0,115,114,81,52,38,23,16,12,8,6,163,156,121,80,53,37,25,16,13,7,4
26,5,12111,2,2240,2973,0,115,114,81,52,38,23,16,12,8,6,156,154,123,85,53,36,23,16,10,7,6
26,5,12112,0,2227,2933,0,114,112,78,50,34,26,18,14,9,5,160,148,117,81,59,38,25,15,11,8,3
26,5,12112,1,2227,3008,0,114,112,78,50,34,26,18,14,9,5,148,158,119,80,53,37,26,19,11,6,5
26,5,12200,0,2101,2684,0,121,122,88,59,35,23,14,9,8,6,159,163,121,79,56,35,22,13,10,6,4
26,5,12200,1,2101,2644,0,121,122,88,59,35,23,14,9,8,6,163,168,119,79,52,34,22,14,9,6,3
26,5,12200,2,2101,2715,0,121,122,88,59,35,23,14,9,8,6,168,159,129,89,51,31,21,15,9,7,4
26,5,12201,0,2055,2555,0,122,106,82,57,39,27,16,12,7,3,164,151,114,81,58,37,24,12,7,5,2
26,5,12201,1,2055,2568,0,122,106,82,57,39,27,16,12,7,3,151,159,119,84,53,34,22,15,9,4,2
26,5,12201,2,2055,2589,0,122,106,82,57,39,27,16,12,7,3,159,164,119,81,53,36,22,14,9,4,2
26,5,12202,0,2144,2761,0,106,121,79,57,41,24,18,11,7,4,158,153,123,82,58,40,23,14,8,6,3
26,5,12202,1,2144,2710,0,106,121,79,57,41,24,18,11,7,4,153,162,120,80,55,35,22,16,10,6,3
26,5,12202,2,2144,2719,0,106,121,79,57,41,24,18,11,7,4,162,158,124,84,54,35,24,15,9,4,3
26,5,12210,0,2203,2861,0,112,116,82,55,37,26,19,13,8,4,162,161,120,84,57,36,23,16,10,7,4
26,5,12210,1,2203,2995,0,112,116,82,55,37,26,19,13,8,4,161,155,127,84,55,38,25,18,12,6,3
26,5,12210,2,2203,2812,0,112,116,82,55,37,26,19,13,8,4,155,162,119,82,56,39,28,16,9,5,3
26,5,12211,1,2137,2827,0,116,116,84,60,35,24,18,11,7,4,160,165,122,80,52,34,25,15,9,6,3
26,5,12211,2,2137,2715,0,116,116,84,60,35,24,18,11,7,4,165,155,122,86,55,33,21,13,9,5,3
26,5,12212,0,2236,2899,0,116,112,81,54,43,29,16,11,7,6,161,160,119,84,60,38,25,16,11,6,3
26,5,12212,1,2236,2874,0,116,112,81,54,43,29,16,11,7,6,160,160,126,86,57,37,23,15,10,7,4
26,5,12212,2,2236,2895,0,116,112,81,54,43,29,16,11,7,6,160,161,120,83,55,43,27,15,9,6,5
26,5,12220,0,2106,2793,0,111,113,75,53,39,27,16,8,6,5,153,159,116,81,55,37,24,15,8,6,5
26,5,12220,1,2106,2795,0,111,113,75,53,39,27,16,8,6,5,159,149,124,77,54,34,23,16,10,6,3
26,5,12220,2,2106,2744,0,111,113,75,53,39,27,16,8,6,5,149,153,110,79,53,38,23,12,9,7,5
26,5,12221,0,2097,2718,0,113,121,84,57,37,23,15,12,5,4,160,159,127,84,54,31,20,14,10,7,4
26,5,12221,1,2097,2642,0,113,121,84,57,37,23,15,12,5,4,159,159,122,79,51,36,21,14,10,5,4
26,5,12221,2,2097,2777,0,113,121,84,57,37,23,15,12,5,4,159,160,116,81,55,36,25,15,8,4,3
26,5,12222,0,2133,2781,0,121,111,80,52,35,24,17,11,9,5,155,162,118,79,49,33,24,16,11,7,2
26,5,12222,1,2133,2735,0,121,111,80,52,35,24,17,11,9,5,162,153,116,80,53,39,23,14,9,6,4
26,5,12222,2,2133,2765,0,121,111,80,52,35,24,17,11,9,5,153,155,115,79,56,34,24,17,10,6,4
26,5,20000,0,1356,1626,0,99,94,63,38,28,17,10,5,3,2,120,120,88,55,33,23,13,7,3,2,2
26,5,20000,1,1356,1569,0,99,94,63,38,28,17,10,5,3,2,120,120,86,57,34,22,14,8,4,1,0
26,5,20000,2,1356,1625,0,99,94,63,38,28,17,10,5,3,2,120,120,87,55,37,21,11,6,4,3,1
26,5,20001,0,1279,1467,0,94,92,66,43,24,13,8,6,3,1,119,117,89,56,31,17,11,5,2,2,1
26,5,20001,1,1279,1497,0,94,92,66,43,24,13,8,6,3,1,117,115,84,55,35,18,8,8,5,2,1
26,5,20001,2,1279,1507,0,94,92,66,43,24,13,8,6,3,1,115,119,84,54,33,21,13,6,4,1,0
26,5,20002,0,1304,1510,0,92,99,64,39,25,17,9,5,3,2,122,119,93,52,33,19,11,6,4,2,1
26,5,20002,1,1304,1534,0,92,99,64,39,25,17,9,5,3,2,119,114,84,52,32,22,13,7,3,2,1
26,5,20002,2,1304,1521,0,92,99,64,39,25,17,9,5,3,2,114,122,86,60,35,20,12,6,3,1,0
26,5,20010,0,1294,1502,0,96,93,62,44,27,16,9,4,3,2,113,121,86,55,36,19,11,4,3,2,1
26,5,20010,1,1294,1506,0,96,93,62,44,27,16,9,4,3,2,121,122,88,56,33,21,9,6,3,2,1
26,5,20010,2,1294,1520,0,96,93,62,44,27,16,9,4,3,2,122,113,86,56,36,21,14,8,3,1,0
26,5,20011,0,1344,1596,0,93,102,66,41,27,16,9,6,2,1,120,122,90,54,32,19,13,7,3,1,1
26,5,20011,1,1344,1600,0,93,102,66,41,27,16,9,6,2,1,122,123,92,61,33,21,11,7,3,2,1
26,5,20011,2,1344,1682,0,93,102,66,41,27,16,9,6,2,1,123,120,90,55,39,23,12,6,5,2,1
26,5,20012,0,1321,1590,0,102,96,66,42,22,13,10,7,4,1,120,120,91,58,34,16,13,9,4,2,1
26,5,20012,1,1321,1537,0,102,96,66,42,22,13,10,7,4,1,120,124,85,53,31,19,11,7,6,3,0
26,5,20012,2,1321,1599,0,102,96,66,42,22,13,10,7,4,1,124,120,86,55,35,23,12,7,3,1,1
26,5,20020,0,1320,1518,0,98,91,68,44,23,16,9,6,4,1,119,120,89,56,32,19,12,7,4,2,0
26,5,20020,1,1320,1555,0,98,91,68,44,23,16,9,6,4,1,120,121,87,58,34,20,12,6,4,2,1
26,5,20020,2,1320,1522,0,98,91,68,44,23,16,9,6,4,1,121,119,86,57,37,20,12,7,3,1,0
26,5,20021,0,1319,1475,0,91,87,60,40,30,19,12,5,2,1,112,122,84,58,35,23,13,6,3,0,0
26,5,20021,1,1319,1571,0,91,87,60,40,30,19,12,5,2,1,122,113,90,55,36,24,14,7,2,1,0
26,5,20021,2,1319,1582,0,91,87,60,40,30,19,12,5,2,1,113,112,82,56,38,22,12,7,3,2,1
26,5,20022,0,1300,1542,0,87,98,59,39,26,15,9,5,3,2,114,113,87,55,33,20,12,6,3,3,1
26,5,20022,1,1300,1547,0,87,98,59,39,26,15,9,5,3,2,113,117,85,52,34,21,10,7,5,2,1
26,5,20022,2,1300,1533,0,87,98,59,39,26,15,9,5,3,2,117,114,85,52,33,20,13,7,3,1,1
26,5,20100,0,1243,1474,0,90,98,65,39,23,13,11,6,2,1,116,114,87,54,31,18,13,7,4,1,0
26,5,20100,1,1243,1414,0,90,98,65,39,23,13,11,6,2,1,114,118,80,52,34,21,10,5,2,1,1
26,5,20100,2,1243,1455,0,90,98,65,39,23,13,11,6,2,1,118,116,91,54,30,17,10,8,3,1,0
26,5,20101,0,1255,1449,0,98,89,67,40,21,13,8,3,3,2,119,114,80,52,27,18,13,6,4,2,1
26,5,20101,1,1255,1510,0,98,89,67,40,21,13,8,3,3,2,114,113,81,57,36,16,9,6,3,2,1
26,5,20101,2,1255,1452,0,98,89,67,40,21,13,8,3,3,2,113,119,87,50,29,18,9,6,3,3,2
26,5,20102,0,1191,1455,0,89,90,56,38,27,17,6,4,2,1,114,107,84,48,35,20,9,5,2,2,1
26,5,20102,1,1191,1408,0,89,90,56,38,27,17,6,4,2,1,107,110,77,47,29,19,14,6,4,1,1
26,5,20102,2,1191,1334,0,89,90,56,38,27,17,6,4,2,1,110,114,81,57,32,19,8,3,2,1,0
26,5,20110,0,1225,1480,0,92,91,56,41,25,16,9,4,3,2,117,112,85,55,33,21,12,6,4,2,0
26,5,20110,1,1225,1474,0,92,91,56,41,25,16,9,4,3,2,112,110,78,51,38,22,11,3,3,2,1
26,5,20110,2,1225,1419,0,92,91,56,41,25,16,9,4,3,2,110,117,84,50,29,16,11,9,2,1,1
26,5,20111,0,1237,1411,0,91,98,67,39,26,15,7,4,2,1,118,122,85,52,29,20,11,5,3,2,0
26,5,20111,1,1237,1447,0,91,98,67,39,26,15,7,4,2,1,122,111,87,56,35,20,10,4,2,1,1
26,5,20111,2,1237,1412,0,91,98,67,39,26,15,7,4,2,1,111,118,88,54,31,16,9,6,3,1,1
26,5,20112,0,1192,1420,0,98,92,61,34,20,14,10,7,3,0,111,111,79,48,33,20,14,8,2,0,0
26,5,20112,1,1192,1386,0,98,92,61,34,20,14,10,7,3,0,111,117,80,48,27,14,12,7,4,2,0
26,5,20112,2,1192,1359,0,98,92,61,34,20,14,10,7,3,0,117,111,82,53,28,20,8,5,4,1,0
26,5,20120,0,1217,1395,0,97,92,61,38,26,14,7,6,3,1,112,118,78,47,31,22,12,8,2,0,0
26,5,20120,1,1217,1488,0,97,92,61,38,26,14,7,6,3,1,118,115,83,54,32,17,12,5,5,3,0
26,5,20120,2,1217,1374,0,97,92,61,38,26,14,7,6,3,1,115,112,87,55,32,18,7,4,3,1,1
26,5,20121,0,1223,1406,0,92,91,61,38,22,14,11,6,3,1,111,109,78,53,38,18,9,5,3,2,0
26,5,20121,1,1223,1479,0,92,91,61,38,22,14,11,6,3,1,109,119,86,50,29,19,12,10,4,1,0
26,5,20121,2,1223,1461,0,92,91,61,38,22,14,11,6,3,1,119,111,83,53,28,20,14,6,3,1,1
26,5,20122,0,1199,1389,0,91,97,64,42,24,14,8,3,1,1,116,110,83,51,35,20,10,5,1,1,1
26,5,20122,1,1199,1342,0,91,97,64,42,24,14,8,3,1,1,110,120,85,52,30,16,9,5,3,1,0
26,5,20122,2,1199,1396,0,91,97,64,42,24,14,8,3,1,1,120,116,87,55,29,16,9,4,2,1,1
26,5,20200,0,1347,1613,0,97,91,60,42,26,18,11,6,3,2,121,117,86,60,38,22,13,7,3,2,1
26,5,20200,1,1347,1583,0,97,91,60,42,26,18,11,6,3,2,117,118,88,52,37,21,12,9,5,1,0
26,5,20200,2,1347,1591,0,97,91,60,42,26,18,11,6,3,2,118,121,85,56,33,23,15,6,3,2,1
26,5,20201,0,1428,1748,0,91,99,66,44,27,14,10,6,3,2,123,120,90,57,36,21,11,7,6,4,2
26,5,20201,1,1428,1705,0,91,99,66,44,27,14,10,6,3,2,120,122,90,59,37,23,13,8,4,2,2
26,5,20201,2,1428,1761,0,91,99,66,44,27,14,10,6,3,2,122,123,94,59,36,21,14,9,4,2,1
26,5,20202,0,1348,1564,0,99,97,66,40,25,17,9,6,4,1,123,121,88,55,32,23,13,8,4,1,0
26,5,20202,1,1348,1640,0,99,97,66,40,25,17,9,6,4,1,121,121,90,59,37,21,13,6,3,3,1
26,5,20202,2,1348,1572,0,99,97,66,40,25,17,9,6,4,1,121,123,88,55,34,19,12,7,5,2,1
26,5,20210,0,1369,1654,0,95,97,66,38,26,17,10,7,3,2,119,121,91,62,38,21,12,8,4,2,1
26,5,20210,1,1369,1654,0,95,97,66,38,26,17,10,7,3,2,121,122,95,53,32,21,14,9,4,1,1
26,5,20210,2,1369,1632,0,95,97,66,38,26,17,10,7,3,2,122,119,81,55,34,24,14,6,5,3,1
26,5,20211,0,1376,1715,0,97,90,64,43,26,14,10,7,5,3,113,127,85,59,37,22,13,8,6,3,1
26,5,20211,1,1376,1669,0,97,90,64,43,26,14,10,7,5,3,127,119,91,56,37,21,12,7,4,3,2
26,5,20211,2,1376,1638,0,97,90,64,43,26,14,10,7,5,3,119,113,86,57,34,22,14,10,5,2,0
26,5,20212,0,1416,1701,0,90,95,65,42,26,16,9,5,4,2,123,116,93,60,31,20,13,7,6,2,2
26,5,20212,1,1416,1719,0,90,95,65,42,26,16,9,5,4,2,116,118,88,60,40,24,12,7,2,2,2
26,5,20212,2,1416,1731,0,90,95,65,42,26,16,9,5,4,2,118,123,86,52,36,21,14,9,6,5,1
26,5,20220,0,1450,1797,0,103,95,70,45,28,17,10,5,3,1,125,129,92,62,37,24,14,8,5,2,1
26,5,20220,1,1450,1732,0,103,95,70,45,28,17,10,5,3,1,129,126,93,59,38,23,14,7,3,2,2
26,5,20220,2,1450,1768,0,103,95,70,45,28,17,10,5,3,1,126,125,92,61,37,20,11,7,4,3,1
26,5,20221,0,1389,1641,0,95,96,64,41,29,17,9,5,3,3,127,119,94,60,38,21,11,6,4,2,1
26,5,20221,1,1389,1661,0,95,96,64,41,29,17,9,5,3,3,119,117,88,56,37,24,12,7,4,2,1
26,5,20221,2,1389,1700,0,95,96,64,41,29,17,9,5,3,3,117,127,86,56,33,22,15,8,4,3,2
26,5,20222,0,1433,1853,0,96,103,66,42,25,17,11,7,4,2,127,125,97,54,35,25,15,8,5,3,2
26,5,20222,1,1433,1710,0,96,103,66,42,25,17,11,7,4,2,125,123,87,59,37,24,15,8,4,2,1
26,5,20222,2,1433,1805,0,96,103,66,42,25,17,11,7,4,2,123,127,95,63,38,19,13,10,6,3,1
26,5,21000,0,1515,1792,0,97,100,72,47,31,20,11,7,4,2,125,138,97,66,39,21,14,8,5,2,1
26,5,21000,1,1515,1902,0,97,100,72,47,31,20,11,7,4,2,138,129,101,63,40,28,15,9,4,3,1
26,5,21000,2,1515,1870,0,97,100,72,47,31,20,11,7,4,2,129,125,97,66,44,27,16,8,5,2,1
26,5,21001,0,1525,1959,0,100,99,67,42,30,21,13,8,4,1,131,124,97,65,43,30,15,9,6,1,1
26,5,21001,1,1525,1828,0,100,99,67,42,30,21,13,8,4,1,124,132,93,58,41,25,19,10,3,2,1
26,5,21001,2,1525,1905,0,100,99,67,42,30,21,13,8,4,1,132,131,97,65,37,24,15,9,6,4,1
26,5,21002,0,1604,1947,0,99,97,69,51,31,18,11,6,4,3,134,127,95,67,43,28,14,8,6,3,2
26,5,21002,1,1604,1970,0,99,97,69,51,31,18,11,6,4,3,127,131,95,66,46,25,15,8,5,3,1
26,5,21002,2,1604,2013,0,99,97,69,51,31,18,11,6,4,3,131,134,103,63,38,23,16,11,5,4,3
26,5,21010,0,1494,1835,0,99,105,70,43,24,16,13,9,4,2,135,127,96,61,39,26,14,8,6,3,1
26,5,21010,1,1494,1800,0,99,105,70,43,24,16,13,9,4,2,127,124,92,60,42,22,16,10,4,1,1
26,5,21010,2,1494,1807,0,99,105,70,43,24,16,13,9,4,2,124,135,99,61,31,21,15,11,6,3,1
26,5,21011,0,1428,1711,0,105,96,70,43,29,18,10,5,4,2,135,125,96,59,35,25,13,6,4,3,1
26,5,21011,1,1428,1746,0,105,96,70,43,29,18,10,5,4,2,125,123,90,63,42,26,14,6,3,2,2
26,5,21011,2,1428,1648,0,105,96,70,43,29,18,10,5,4,2,123,135,92,60,35,18,13,10,5,2,0
26,5,21012,0,1458,1750,0,96,99,65,41,28,18,11,7,3,2,116,133,87,58,37,25,17,8,4,2,1
26,5,21012,1,1458,1807,0,96,99,65,41,28,18,11,7,3,2,133,123,97,57,38,23,13,7,4,3,2
26,5,21012,2,1458,1756,0,96,99,65,41,28,18,11,7,3,2,123,116,92,62,37,23,13,10,6,2,1
26,5,21020,0,1432,1699,0,98,96,63,44,32,19,11,6,2,2,126,124,98,61,36,20,11,8,4,2,1
26,5,21020,1,1432,1824,0,98,96,63,44,32,19,11,6,2,2,124,125,87,59,41,32,15,8,3,2,2
26,5,21020,2,1432,1737,0,98,96,63,44,32,19,11,6,2,2,125,126,92,61,41,22,16,7,5,2,1
26,5,21021,0,1418,1718,0,96,108,69,47,27,14,10,7,5,2,130,128,97,55,37,24,15,10,5,1,0
26,5,21021,1,1418,1665,0,96,108,69,47,27,14,10,7,5,2,128,127,91,58,37,20,13,6,4,4,1
26,5,21021,2,1418,1742,0,96,108,69,47,27,14,10,7,5,2,127,130,101,68,38,21,10,8,5,2,1
26,5,21022,0,1530,1847,0,108,98,71,44,29,21,11,5,4,2,138,124,95,67,45,27,12,7,5,2,1
26,5,21022,1,1530,1861,0,108,98,71,44,29,21,11,5,4,2,124,133,95,60,39,23,18,10,3,2,1
26,5,21022,2,1530,1844,0,108,98,71,44,29,21,11,5,4,2,133,138,97,62,34,24,15,7,5,4,2
26,5,21100,0,1538,1902,0,100,97,72,45,28,16,10,8,5,1,131,124,95,62,40,25,15,10,5,1,1
26,5,21100,1,1538,1906,0,100,97,72,45,28,16,10,8,5,1,124,130,95,64,38,23,16,9,5,4,1
26,5,21100,2,1538,1876,0,100,97,72,45,28,16,10,8,5,1,130,131,95,62,38,23,12,8,7,4,2
26,5,21101,0,1452,1705,0,97,97,65,45,29,20,11,5,3,3,123,124,92,59,39,26,16,6,3,2,1
26,5,21101,1,1452,1732,0,97,97,65,45,29,20,11,5,3,3,124,129,91,61,40,21,13,9,5,3,1
26,5,21101,2,1452,1805,0,97,97,65,45,29,20,11,5,3,3,129,123,96,62,38,25,14,8,4,2,2
26,5,21102,0,1558,1890,0,97,100,69,47,31,17,10,6,4,3,133,128,98,62,41,24,12,8,5,4,3
26,5,21102,1,1558,1918,0,97,100,69,47,31,17,10,6,4,3,128,126,98,65,38,25,16,10,6,2,1
26,5,21102,2,1558,1918,0,97,100,69,47,31,17,10,6,4,3,126,133,94,63,42,25,15,8,5,4,2
26,5,21110,0,1631,2095,0,97,104,67,44,28,19,12,8,4,3,130,125,98,63,43,27,19,11,5,3,2
26,5,21110,1,1631,2040,0,97,104,67,44,28,19,12,8,4,3,125,135,97,63,40,24,15,10,8,5,2
26,5,21110,2,1631,2037,0,97,104,67,44,28,19,12,8,4,3,135,130,98,63,39,27,16,10,6,3,3
26,5,21111,0,1648,2045,0,104,101,71,46,27,19,13,8,6,3,131,135,96,62,41,25,17,11,6,5,3
26,5,21111,1,1648,2108,0,104,101,71,46,27,19,13,8,6,3,135,135,100,70,39,25,18,13,8,3,1
26,5,21111,2,1648,2059,0,104,101,71,46,27,19,13,8,6,3,135,131,101,64,45,29,17,9,6,4,2
26,5,21112,0,1639,2122,0,101,97,69,46,32,21,13,7,4,2,133,133,102,69,43,28,17,11,4,4,2
26,5,21112,1,1639,2150,0,101,97,69,46,32,21,13,7,4,2,133,130,101,64,42,26,17,11,8,4,3
26,5,21112,2,1639,2060,0,101,97,69,46,32,21,13,7,4,2,130,133,92,65,44,29,17,8,5,2,1
26,5,21120,0,1448,1706,0,96,99,61,41,28,19,14,6,3,2,127,121,97,58,38,23,14,9,3,2,1
26,5,21120,1,1448,1746,0,96,99,61,41,28,19,14,6,3,2,121,122,89,59,37,25,14,9,5,3,1
26,5,21120,2,1448,1739,0,96,99,61,41,28,19,14,6,3,2,122,127,88,58,39,25,17,8,4,1,1
26,5,21121,0,1438,1677,0,99,99,68,46,28,15,9,7,4,2,123,133,94,58,36,21,13,8,6,2,0
26,5,21121,1,1438,1735,0,99,99,68,46,28,15,9,7,4,2,133,122,94,60,37,23,12,7,4,3,1
26,5,21121,2,1438,1715,0,99,99,68,46,28,15,9,7,4,2,122,123,91,62,39,22,13,8,4,2,2
26,5,21122,0,1451,1771,0,99,96,70,42,29,19,10,6,3,2,127,124,96,62,38,23,15,9,5,2,1
26,5,21122,1,1451,1703,0,99,96,70,42,29,19,10,6,3,2,124,127,92,59,38,23,14,7,4,2,1
26,5,21122,2,1451,1805,0,99,96,70,42,29,19,10,6,3,2,127,127,91,62,37,25,13,7,4,3,2
26,5,21200,0,1521,1849,0,100,103,72,41,27,17,9,7,4,3,128,125,95,61,36,24,14,8,7,2,2
26,5,21200,1,1521,1834,0,100,103,72,41,27,17,9,7,4,3,125,133,92,60,38,24,16,8,3,3,2
26,5,21200,2,1521,1900,0,100,103,72,41,27,17,9,7,4,3,133,128,99,62,37,22,13,10,7,5,2
26,5,21201,0,1566,1969,0,103,98,62,39,27,20,12,8,5,3,133,123,94,62,38,29,19,10,6,3,2
26,5,21201,1,1566,1920,0,103,98,62,39,27,20,12,8,5,3,123,124,90,60,43,24,18,9,6,4,2
26,5,21201,2,1566,1978,0,103,98,62,39,27,20,12,8,5,3,124,133,93,57,36,25,14,12,7,4,2
26,5,21202,0,1541,1948,0,98,100,67,48,29,16,12,6,4,2,132,131,99,61,41,26,14,7,4,3,2
26,5,21202,1,1541,1886,0,98,100,67,48,29,16,12,6,4,2,131,122,94,61,40,24,15,10,5,3,1
26,5,21202,2,1541,1896,0,98,100,67,48,29,16,12,6,4,2,122,132,94,65,39,22,14,10,6,3,2
26,5,21210,0,1658,2161,0,101,102,73,47,27,16,11,7,5,3,131,131,99,65,42,27,15,8,6,5,4
26,5,21210,1,1658,2144,0,101,102,73,47,27,16,11,7,5,3,131,135,93,62,42,26,16,11,7,4,2
26,5,21210,2,1658,2058,0,101,102,73,47,27,16,11,7,5,3,135,131,104,67,37,21,16,12,7,4,2
26,5,21211,1,1640,2141,0,102,101,66,46,28,19,10,6,5,2,129,121,97,67,44,23,13,9,7,6,2
26,5,21211,2,1640,2061,0,102,101,66,46,28,19,10,6,5,2,121,140,93,60,39,25,15,10,7,3,3
26,5,21212,0,1609,2005,0,101,101,72,46,29,16,11,7,3,3,126,132,100,62,41,21,15,10,6,4,2
26,5,21212,1,1609,2070,0,101,101,72,46,29,16,11,7,3,3,132,136,94,61,35,27,14,11,8,4,3
26,5,21212,2,1609,2027,0,101,101,72,46,29,16,11,7,3,3,136,126,99,69,44,26,16,8,4,3,3
26,5,21220,0,1585,1963,0,90,104,64,44,30,20,13,7,4,3,122,135,94,57,41,25,16,12,5,3,3
26,5,21220,1,1585,2109,0,90,104,64,44,30,20,13,7,4,3,135,126,99,65,39,28,17,11,8,4,1
26,5,21220,2,1585,2119,0,90,104,64,44,30,20,13,7,4,3,126,122,100,67,45,28,18,8,5,4,3
26,5,21221,0,1561,1899,0,104,102,73,43,26,17,12,7,4,3,133,121,98,65,41,24,13,8,6,4,2
26,5,21221,1,1561,1944,0,104,102,73,43,26,17,12,7,4,3,121,140,94,59,37,25,17,12,5,3,2
26,5,21221,2,1561,1949,0,104,102,73,43,26,17,12,7,4,3,140,133,98,64,37,23,16,9,6,3,2
26,5,21222,0,1638,2146,0,102,90,65,46,31,20,11,8,5,2,128,124,89,62,44,30,18,10,7,4,1
26,5,21222,1,1638,2047,0,102,90,65,46,31,20,11,8,5,2,124,132,90,67,44,24,16,9,6,4,3
26,5,21222,2,1638,2057,0,102,90,65,46,31,20,11,8,5,2,132,128,103,63,39,27,16,11,6,3,2
26,5,22000,0,1513,1791,0,98,101,69,51,31,18,10,6,4,2,124,125,94,69,48,24,12,6,5,3,0
26,5,22000,1,1513,1782,0,98,101,69,51,31,18,10,6,4,2,125,142,98,58,38,25,12,8,4,2,2
26,5,22000,2,1513,1812,0,98,101,69,51,31,18,10,6,4,2,142,124,101,65,37,23,17,9,4,2,1
26,5,22001,0,1530,1859,0,101,104,74,47,31,19,12,7,4,2,135,134,92,63,38,26,17,9,5,2,1
26,5,22001,1,1530,1836,0,101,104,74,47,31,19,12,7,4,2,134,132,105,75,44,25,12,7,4,1,1
26,5,22001,2,1530,1798,0,101,104,74,47,31,19,12,7,4,2,132,135,103,58,40,24,15,9,4,3,0
26,5,22002,0,1541,1874,0,104,98,68,43,29,20,13,8,4,3,129,129,101,65,36,24,16,11,6,3,2
26,5,22002,1,1541,1925,0,104,98,68,43,29,20,13,8,4,3,129,133,95,64,41,28,17,9,6,2,1
26,5,22002,2,1541,1863,0,104,98,68,43,29,20,13,8,4,3,133,129,91,60,44,26,16,9,4,3,1
26,5,22010,0,1478,1868,0,97,97,65,43,28,15,9,6,4,2,121,123,88,62,40,22,11,9,6,3,2
26,5,22010,1,1478,1802,0,97,97,65,43,28,15,9,6,4,2,123,126,92,56,36,22,14,9,5,3,2
26,5,22010,2,1478,1787,0,97,97,65,43,28,15,9,6,4,2,126,121,93,58,35,24,15,7,5,4,2
26,5,22011,0,1501,1866,0,97,97,69,43,26,19,11,6,2,2,127,125,90,61,34,22,14,11,6,3,2
26,5,22011,1,1501,1856,0,97,97,69,43,26,19,11,6,2,2,125,124,95,66,39,26,15,6,5,3,2
26,5,22011,2,1501,1865,0,97,97,69,43,26,19,11,6,2,2,124,127,94,55,40,22,15,8,3,2,2
26,5,22012,0,1490,1782,0,97,97,65,42,29,20,12,6,4,3,124,125,96,57,38,23,14,11,5,3,1
26,5,22012,1,1490,1817,0,97,97,65,42,29,20,12,6,4,3,125,127,90,62,40,26,16,8,4,2,1
26,5,22012,2,1490,1825,0,97,97,65,42,29,20,12,6,4,3,127,124,93,63,39,26,16,7,5,3,2
26,5,22020,0,1450,1840,0,101,98,67,45,31,17,9,7,5,2,128,136,99,66,37,23,13,9,6,2,1
26,5,22020,1,1450,1750,0,101,98,67,45,31,17,9,7,5,2,136,119,97,59,40,26,15,8,4,2,1
26,5,22020,2,1450,1754,0,101,98,67,45,31,17,9,7,5,2,119,128,86,59,40,23,13,7,5,4,1
26,5,22021,0,1565,1853,0,98,100,67,44,28,20,13,9,4,1,128,137,101,63,37,24,16,9,6,3,1
26,5,22021,1,1565,1877,0,98,100,67,44,28,20,13,9,4,1,137,121,97,63,42,28,15,9,5,2,1
26,5,22021,2,1565,1938,0,98,100,67,44,28,20,13,9,4,1,121,128,90,62,42,25,18,11,5,2,1
26,5,22022,0,1454,1687,0,100,101,71,45,28,17,13,6,4,3,126,130,99,62,35,22,12,7,5,2,1
26,5,22022,1,1454,1874,0,100,101,71,45,28,17,13,6,4,3,130,133,91,60,40,30,16,10,3,2,1
26,5,22022,2,1454,1923,0,100,101,71,45,28,17,13,6,4,3,133,126,99,66,42,20,16,10,6,4,2
26,5,22100,0,1583,1980,0,98,97,65,45,31,18,11,7,4,2,126,126,96,63,40,25,13,10,7,2,2
26,5,22100,1,1583,2034,0,98,97,65,45,31,18,11,7,4,2,126,130,93,60,41,29,17,9,4,3,1
26,5,22100,2,1583,2049,0,98,97,65,45,31,18,11,7,4,2,130,126,95,64,41,23,16,9,6,5,3
26,5,22101,0,1639,2061,0,97,106,71,46,27,20,12,9,5,2,137,129,102,63,42,27,18,11,7,3,2
26,5,22101,1,1639,2017,0,97,106,71,46,27,20,12,9,5,2,129,132,97,66,42,26,17,9,6,3,1
26,5,22101,2,1639,2051,0,97,106,71,46,27,20,12,9,5,2,132,137,102,66,40,25,16,11,6,4,2
26,5,22102,0,1629,1997,0,106,98,72,47,32,20,14,7,3,2,136,132,100,66,42,28,16,9,5,3,2
26,5,22102,1,1629,2037,0,106,98,72,47,32,20,14,7,3,2,132,136,96,69,44,28,18,10,4,3,2
26,5,22102,2,1629,1976,0,106,98,72,47,32,20,14,7,3,2,136,136,102,65,42,25,15,10,6,2,1
26,5,22110,0,1618,2015,0,109,98,71,44,30,21,12,7,4,3,139,136,102,65,39,25,17,8,6,3,3
26,5,22110,1,1618,1972,0,109,98,71,44,30,21,12,7,4,3,136,127,100,66,42,27,14,9,5,3,2
26,5,22110,2,1618,2021,0,109,98,71,44,30,21,12,7,4,3,127,139,91,64,43,28,19,12,6,4,1
26,5,22111,0,1665,2039,0,98,99,66,47,31,18,13,9,6,4,130,137,105,68,39,23,17,12,6,3,2
26,5,22111,1,1665,2088,0,98,99,66,47,31,18,13,9,6,4,137,126,99,63,43,32,16,12,8,5,2
26,5,22111,2,1665,2067,0,98,99,66,47,31,18,13,9,6,4,126,130,91,65,48,28,19,10,7,4,2
26,5,22112,0,1594,1881,0,99,109,73,49,30,17,10,7,6,3,132,141,104,64,41,22,14,10,5,3,2
26,5,22112,1,1594,1911,0,99,109,73,49,30,17,10,7,6,3,141,131,101,64,40,26,15,10,7,4,0
26,5,22112,2,1594,1949,0,99,109,73,49,30,17,10,7,6,3,131,132,100,68,42,26,15,7,5,3,2
26,5,22120,0,1667,2077,0,99,102,71,46,31,23,14,7,4,2,134,128,102,70,46,27,18,9,6,4,2
26,5,22120,1,1667,2060,0,99,102,71,46,31,23,14,7,4,2,128,140,101,64,41,27,17,11,5,2,2
26,5,22120,2,1667,2067,0,99,102,71,46,31,23,14,7,4,2,140,134,100,67,43,30,18,10,5,3,1
26,5,22121,0,1565,1872,0,102,104,68,45,31,21,14,7,3,2,129,137,93,61,42,29,19,9,3,1,1
26,5,22121,1,1565,1848,0,102,104,68,45,31,21,14,7,3,2,137,132,102,67,38,22,16,10,5,2,1
26,5,22121,2,1565,1888,0,102,104,68,45,31,21,14,7,3,2,132,129,101,64,44,28,13,8,5,3,1
26,5,22122,0,1638,1983,0,104,99,71,48,29,18,12,9,6,3,133,132,99,71,43,22,15,9,6,6,2
26,5,22122,1,1638,2079,0,104,99,71,48,29,18,12,9,6,3,132,136,103,68,42,26,14,12,9,3,2
26,5,22122,2,1638,2052,0,104,99,71,48,29,18,12,9,6,3,136,133,95,59,42,31,21,11,5,2,1
26,5,22200,0,1451,1725,0,96,101,64,42,28,17,12,7,4,2,124,126,91,61,38,23,13,7,4,2,2
26,5,22200,1,1451,1804,0,96,101,64,42,28,17,12,7,4,2,126,124,94,60,38,26,14,10,5,2,1
26,5,22200,2,1451,1737,0,96,101,64,42,28,17,12,7,4,2,124,124,93,56,37,22,16,9,5,3,0
26,5,22201,0,1382,1660,0,101,98,67,41,28,16,10,7,4,1,123,125,90,56,35,23,14,8,4,2,1
26,5,22201,1,1382,1594,0,101,98,67,41,28,16,10,7,4,1,125,125,90,57,37,21,11,7,5,2,0
26,5,22201,2,1382,1600,0,101,98,67,41,28,16,10,7,4,1,125,123,92,61,35,22,13,7,3,1,0
26,5,22202,0,1462,1731,0,98,96,68,45,25,18,11,6,4,3,127,123,92,61,38,20,13,10,5,2,1
26,5,22202,1,1462,1749,0,98,96,68,45,25,18,11,6,4,3,123,125,94,59,36,23,15,9,5,3,1
26,5,22202,2,1462,1768,0,98,96,68,45,25,18,11,6,4,3,125,127,91,61,39,25,15,6,4,3,2
26,5,22210,0,1542,1953,0,99,103,67,44,29,18,12,7,3,2,135,128,99,59,36,26,16,11,6,3,1
26,5,22210,1,1542,1899,0,99,103,67,44,29,18,12,7,3,2,128,124,94,63,43,25,16,7,4,3,3
26,5,22210,2,1542,1885,0,99,103,67,44,29,18,12,7,3,2,124,135,95,63,39,23,13,9,5,2,1
26,5,22211,0,1588,1920,0,103,100,72,47,29,18,11,6,4,3,130,136,98,61,42,25,14,9,6,3,2
26,5,22211,1,1588,1949,0,103,100,72,47,29,18,11,6,4,3,136,130,100,63,36,25,18,9,4,2,2
26,5,22211,2,1588,1951,0,103,100,72,47,29,18,11,6,4,3,130,130,95,69,43,24,13,9,6,5,2
26,5,22212,0,1567,2040,0,100,99,71,46,30,20,11,7,4,2,127,132,95,67,46,30,17,7,4,3,2
26,5,22212,1,1567,1883,0,100,99,71,46,30,20,11,7,4,2,132,134,103,61,40,22,15,10,5,3,2
26,5,22212,2,1567,1871,0,100,99,71,46,30,20,11,7,4,2,134,127,95,66,37,25,15,10,7,3,1
26,5,22220,0,1446,1754,0,101,102,64,41,28,16,11,7,3,2,130,119,93,63,37,23,13,8,5,3,1
26,5,22220,1,1446,1762,0,101,102,64,41,28,16,11,7,3,2,119,128,92,56,41,24,14,8,5,2,1
26,5,22220,2,1446,1762,0,101,102,64,41,28,16,11,7,3,2,128,130,91,55,32,22,14,9,4,2,2
26,5,22221,0,1470,1754,0,102,94,69,46,26,14,10,7,5,3,127,126,92,57,37,25,13,7,6,4,1
26,5,22221,1,1470,1785,0,102,94,69,46,26,14,10,7,5,3,126,124,88,59,39,24,14,9,4,2,2
26,5,22221,2,1470,1760,0,102,94,69,46,26,14,10,7,5,3,124,127,95,65,36,17,13,10,6,3,1
26,5,22222,0,1422,1668,0,94,101,66,40,26,19,9,6,5,2,130,121,94,57,37,23,15,7,4,2,0
26,5,22222,1,1422,1741,0,94,101,66,40,26,19,9,6,5,2,121,118,94,60,36,22,13,7,4,4,2
26,5,22222,2,1422,1695,0,94,101,66,40,26,19,9,6,5,2,118,130,87,57,35,23,14,9,6,2,1
